{
  "episodes": 40,
  "seed": 15007,
  "records": [
    {
      "timesteps": 2000,
      "checkpoint_path": "runs/iter5_smoke/checkpoints/step_2000.zip",
      "metrics": {
        "episodes": 40,
        "avg_snake_length": 2.0250000953674316,
        "avg_steps": 44.20000076293945,
        "avg_return": -12.515899658203125,
        "median_snake_length": 2.0,
        "median_steps": 44.0,
        "max_snake_length": 3,
        "min_steps": 44,
        "score": 0.045814480632543564
      }
    },
    {
      "timesteps": 4000,
      "checkpoint_path": "runs/iter5_smoke/checkpoints/step_4000.zip",
      "metrics": {
        "episodes": 40,
        "avg_snake_length": 2.0250000953674316,
        "avg_steps": 44.20000076293945,
        "avg_return": -12.515899658203125,
        "median_snake_length": 2.0,
        "median_steps": 44.0,
        "max_snake_length": 3,
        "min_steps": 44,
        "score": 0.045814480632543564
      }
    },
    {
      "timesteps": 4000,
      "checkpoint_path": "runs/iter5_smoke/final_model.zip",
      "metrics": {
        "episodes": 40,
        "avg_snake_length": 2.0250000953674316,
        "avg_steps": 44.20000076293945,
        "avg_return": -12.515899658203125,
        "median_snake_length": 2.0,
        "median_steps": 44.0,
        "max_snake_length": 3,
        "min_steps": 44,
        "score": 0.045814480632543564
      }
    }
  ],
  "best_checkpoint_path": "runs/iter5_smoke/checkpoints/step_2000.zip",
  "best_model_path": "runs/iter5_smoke/best_model.zip",
  "best_timesteps": 2000,
  "best_metrics": {
    "episodes": 40,
    "avg_snake_length": 2.0250000953674316,
    "avg_steps": 44.20000076293945,
    "avg_return": -12.515899658203125,
    "median_snake_length": 2.0,
    "median_steps": 44.0,
    "max_snake_length": 3,
    "min_steps": 44,
    "score": 0.045814480632543564
  }
}